{
  "project_info": {
    "project_number": "58360042890",
    "firebase_url": "https://my-project-1-282009.firebaseio.com",
    "project_id": "my-project-1-282009",
    "storage_bucket": "my-project-1-282009.appspot.com"
  },
  "client": [
    {
      "client_info": {
        "mobilesdk_app_id": "1:58360042890:android:277cb383b7bb83a3952473",
        "android_client_info": {
          "package_name": "com.example.e_kueh_a170694"
        }
      },
      "oauth_client": [
        {
          "client_id": "58360042890-a0rnu2mdalats6n56v9ofq5vqp5j2ipo.apps.googleusercontent.com",
          "client_type": 3
        }
      ],
      "api_key": [
        {
          "current_key": "AIzaSyAgdE03iBgWpV-ZnJMaASrfPldp-ikQKas"
        }
      ],
      "services": {
        "appinvite_service": {
          "other_platform_oauth_client": [
            {
              "client_id": "58360042890-a0rnu2mdalats6n56v9ofq5vqp5j2ipo.apps.googleusercontent.com",
              "client_type": 3
            }
          ]
        }
      }
    }
  ],
  "configuration_version": "1"
}